{
  "IcoMoonType": "selection",
  "icons": [
    {
      "icon": {
        "paths": [
          "M384 928c0 53.019-42.981 96-96 96s-96-42.981-96-96c0-53.019 42.981-96 96-96s96 42.981 96 96z",
          "M1024 928c0 53.019-42.981 96-96 96s-96-42.981-96-96c0-53.019 42.981-96 96-96s96 42.981 96 96z",
          "M1024 512v-384h-768c0-35.346-28.654-64-64-64h-192v64h128l48.074 412.054c-29.294 23.458-48.074 59.5-48.074 99.946 0 70.696 57.308 128 128 128h768v-64h-768c-35.346 0-64-28.654-64-64 0-0.218 0.014-0.436 0.016-0.656l831.984-127.344z"
        ],
        "tags": [
          "cart",
          "purchase",
          "ecommerce",
          "shopping"
        ],
        "defaultCode": 59706,
        "grid": 16,
        "attrs": []
      },
      "attrs": [],
      "properties": {
        "ligatures": "cart, purchase",
        "name": "cart",
        "order": 3,
        "id": 59,
        "prevSize": 32
      },
      "setIdx": 0,
      "setId": 1,
      "iconIdx": 58
    },
    {
      "icon": {
        "paths": [
          "M928 128h-832c-52.8 0-96 43.2-96 96v640c0 52.8 43.2 96 96 96h832c52.8 0 96-43.2 96-96v-640c0-52.8-43.2-96-96-96zM398.74 550.372l-270.74 210.892v-501.642l270.74 290.75zM176.38 256h671.24l-335.62 252-335.62-252zM409.288 561.698l102.712 110.302 102.71-110.302 210.554 270.302h-626.528l210.552-270.302zM625.26 550.372l270.74-290.75v501.642l-270.74-210.892z"
        ],
        "tags": [
          "envelop",
          "mail",
          "email",
          "contact",
          "letter"
        ],
        "defaultCode": 59717,
        "grid": 16,
        "attrs": []
      },
      "attrs": [],
      "properties": {
        "ligatures": "envelop, mail",
        "name": "envelop",
        "order": 4,
        "id": 70,
        "prevSize": 32
      },
      "setIdx": 0,
      "setId": 1,
      "iconIdx": 69
    },
    {
      "icon": {
        "paths": [
          "M1010.174 915.75l-548.634-499.458 25.534-25.598c20.894-20.954 32.188-48.030 33.918-75.61 1.002-0.45 2.002-0.912 2.958-1.442l102.99-64.402c13.934-16.392 12.916-42.268-2.284-57.502l-179.12-179.608c-15.19-15.234-40.998-16.262-57.344-2.284l-64.236 103.268c-0.526 0.966-0.99 1.966-1.44 2.974-27.502 1.736-54.5 13.056-75.398 34.006l-97.428 97.702c-20.898 20.956-32.184 48.026-33.918 75.604-1.004 0.45-2.004 0.916-2.964 1.446l-102.986 64.406c-13.942 16.39-12.916 42.264 2.276 57.496l179.12 179.604c15.194 15.238 40.996 16.262 57.35 2.286l64.228-103.27c0.528-0.958 0.988-1.96 1.442-2.966 27.502-1.738 54.504-13.050 75.398-34.004l28.292-28.372 498.122 550.114c14.436 15.944 36.7 18.518 49.474 5.712l50.356-50.488c12.764-12.808 10.196-35.132-5.706-49.614z"
        ],
        "tags": [
          "hammer",
          "gavel",
          "rules",
          "justice",
          "legal"
        ],
        "defaultCode": 59816,
        "grid": 16,
        "attrs": []
      },
      "attrs": [],
      "properties": {
        "ligatures": "hammer2, gavel",
        "name": "hammer2",
        "order": 2,
        "id": 169,
        "prevSize": 32
      },
      "setIdx": 0,
      "setId": 1,
      "iconIdx": 168
    }
  ],
  "height": 1024,
  "preferences": {
    "showGlyphs": true,
    "showQuickUse": true,
    "showQuickUse2": true,
    "showSVGs": true,
    "fontPref": {
      "prefix": "icon-",
      "metadata": {
        "fontFamily": "icomoon"
      },
      "metrics": {
        "emSize": 1024,
        "baseline": 6.25,
        "whitespace": 50
      },
      "embed": false
    },
    "imagePref": {
      "prefix": "icon-",
      "png": false,
      "useClassSelector": true,
      "color": 0,
      "bgColor": 16777215,
      "classSelector": ".icon",
      "name": "icomoon",
      "height": 32,
      "columns": 16,
      "margin": 16
    },
    "historySize": 50,
    "showCodes": true,
    "gridSize": 16
  }
}